userPostID,userReplyID,type,actor,time,condition,class
0,,read,aleeboi,0:01,,
0,,read,EZpz,0:02,,
0,,read,jen73,0:03,,
0,,read,livelaughlove,0:04,,
0,,like,mariaann,0:05,,
,1,like,_kira_,0:25,,
,2,like,fusionfeast,0:29,,
,2,like,MannyDL34,0:30,,
,3,like,j_turk,0:33,,
,3,like,jr_1,0:34,,
,3,like,mariaann,0:35,,
1,,read,jen73,0:10,,
1,,read,livelaughlove,0:11,,
1,,read,tacoguy,0:12,,
1,,read,j_turk,0:13,,
1,,read,jr_1,0:14,,
1,,like,tyler,0:15,,
1,,like,sweetpea,0:16,,
1,,like,Jcole9,0:17,,
1,,like,MedicalRyan,0:18,,
,4,like,casssssssssie,0:30,,
,5,like,r_camiii,0:34,,
,5,like,breethebaker,0:35,,
,6,like,livelaughlove,0:38,,
,6,like,tacoguy,0:39,,
,6,like,j_turk,0:40,,
2,,read,tacoguy,0:19,,
2,,read,j_turk,0:20,,
2,,read,jr_1,0:21,,
2,,read,mariaann,0:22,,
2,,read,BJenkins,0:23,,
2,,read,PatelS,0:24,,
2,,like,MedicalRyan,0:25,,
2,,like,ancho-n-cayenne,0:26,,
2,,like,NoahM1121,0:27,,
2,,like,casssssssssie,0:28,,
,7,like,mateoV,0:39,,
,7,like,SnakeCharmer,0:40,,
,8,like,EZpz,0:43,,
,8,like,jen73,0:44,,
,8,like,livelaughlove,0:45,,
3,,read,jr_1,0:28,,
3,,read,mariaann,0:29,,
3,,read,BJenkins,0:30,,
3,,read,PatelS,0:31,,
3,,like,casssssssssie,0:32,,
3,,like,alex_y,0:33,,
3,,like,_kira_,0:34,,
,10,like,jupiterpride,0:48,,
,10,like,aleeboi,0:49,,
,10,like,EZpz,0:50,,
4,,read,BJenkins,0:37,,
4,,read,PatelS,0:38,,
4,,read,tyler,0:39,,
4,,read,sweetpea,0:40,,
4,,read,Jcole9,0:41,,
4,,like,M.Kapadia92,0:42,,
4,,like,localewis,0:43,,
4,,like,kj_192,0:44,,
4,,like,tastyrobot,0:45,,
,13,like,artisanalways,1:01,,
,14,like,caffeinated,1:05,,
,14,like,wiz_khaleesi,1:06,,
5,,read,tyler,0:46,,
5,,read,sweetpea,0:47,,
5,,read,Jcole9,0:48,,
5,,read,MedicalRyan,0:49,,
5,,read,ancho-n-cayenne,0:50,,
5,,read,NoahM1121,0:51,,
5,,like,tastyrobot,0:52,,
5,,like,artisanalways,0:53,,
5,,like,kittycatbakes,0:54,,
5,,like,bblueberryy,0:55,,
,15,like,kj_192,1:06,,
,16,like,lavenderrrrrr,1:10,,
,16,like,cavsforever,1:11,,
,17,like,BJenkins,1:14,,
,17,like,PatelS,1:15,,
,17,like,tyler,1:16,,
6,,read,Jcole9,0:55,,
6,,read,MedicalRyan,0:56,,
6,,read,ancho-n-cayenne,0:57,,
6,,read,NoahM1121,0:58,,
6,,like,bblueberryy,0:59,,
6,,like,breathe_in,1:00,,
6,,like,mateoV,1:01,,
,18,like,MannyDL34,1:15,,
,18,like,earthpulse,1:16,,
,19,like,jr_1,1:19,,
,19,like,mariaann,1:20,,
,19,like,BJenkins,1:21,,
7,,read,ancho-n-cayenne,1:04,,
7,,read,NoahM1121,1:05,,
7,,read,casssssssssie,1:06,,
7,,read,alex_y,1:07,,
7,,read,_kira_,1:08,,
7,,like,SnakeCharmer,1:09,,
7,,like,r_camiii,1:10,,
7,,like,breethebaker,1:11,,
7,,like,fusionfeast,1:12,,
,20,like,tacoguy,1:24,,
,20,like,j_turk,1:25,,
,20,like,jr_1,1:26,,
,22,like,breethebaker,1:32,,
8,,read,casssssssssie,1:13,,
8,,read,alex_y,1:14,,
8,,read,_kira_,1:15,,
8,,read,M.Kapadia92,1:16,,
8,,read,localewis,1:17,,
8,,read,kj_192,1:18,,
8,,like,fusionfeast,1:19,,
8,,like,MannyDL34,1:20,,
8,,like,earthpulse,1:21,,
,24,like,SnakeCharmer,1:37,,
9,,read,_kira_,1:22,,
9,,read,M.Kapadia92,1:23,,
9,,read,localewis,1:24,,
9,,read,kj_192,1:25,,
9,,like,lavenderrrrrr,1:26,,
,25,like,breathe_in,1:42,,
,26,like,aleeboi,1:46,,
,26,like,EZpz,1:47,,
,27,like,MedicalRyan,1:50,,
,27,like,ancho-n-cayenne,1:51,,
,27,like,NoahM1121,1:52,,
10,,read,localewis,1:31,,
10,,read,kj_192,1:32,,
10,,read,tastyrobot,1:33,,
10,,read,artisanalways,1:34,,
10,,read,kittycatbakes,1:35,,
10,,like,wiz_khaleesi,1:36,,
10,,like,jupiterpride,1:37,,
10,,like,aleeboi,1:38,,
,29,like,wiz_khaleesi,1:51,,
,29,like,jupiterpride,1:52,,
,30,like,sweetpea,1:55,,
,30,like,Jcole9,1:56,,
,30,like,MedicalRyan,1:57,,
11,,read,tastyrobot,1:40,,
11,,read,artisanalways,1:41,,
11,,read,kittycatbakes,1:42,,
11,,read,bblueberryy,1:43,,
11,,read,breathe_in,1:44,,
11,,read,mateoV,1:45,,
11,,like,EZpz,1:46,,
11,,like,jen73,1:47,,
11,,like,livelaughlove,1:48,,
11,,like,tacoguy,1:49,,
,31,like,PatelS,2:00,,
,31,like,tyler,2:01,,
,31,like,sweetpea,2:02,,
,33,like,cavsforever,2:08,,
12,,read,kittycatbakes,1:49,,
12,,read,bblueberryy,1:50,,
12,,read,breathe_in,1:51,,
12,,read,mateoV,1:52,,
12,,like,tacoguy,1:53,,
12,,like,j_turk,1:54,,
12,,like,jr_1,1:55,,
12,,like,mariaann,1:56,,
,35,like,earthpulse,2:13,,
,36,like,mariaann,2:17,,
,36,like,BJenkins,2:18,,
13,,read,breathe_in,1:58,,
13,,read,mateoV,1:59,,
13,,read,SnakeCharmer,2:00,,
13,,read,r_camiii,2:01,,
13,,read,breethebaker,2:02,,
13,,like,mariaann,2:03,,
14,,read,SnakeCharmer,2:07,,
14,,read,r_camiii,2:08,,
14,,read,breethebaker,2:09,,
14,,read,fusionfeast,2:10,,
14,,read,MannyDL34,2:11,,
14,,read,earthpulse,2:12,,
14,,like,tyler,2:13,,
14,,like,sweetpea,2:14,,
14,,like,Jcole9,2:15,,
14,,like,MedicalRyan,2:16,,
,37,like,livelaughlove,2:27,,
,37,like,tacoguy,2:28,,
,38,like,casssssssssie,2:31,,
,38,like,alex_y,2:32,,
,38,like,_kira_,2:33,,
15,,read,breethebaker,2:16,,
15,,read,fusionfeast,2:17,,
15,,read,MannyDL34,2:18,,
15,,read,earthpulse,2:19,,
15,,like,MedicalRyan,2:20,,
15,,like,ancho-n-cayenne,2:21,,
15,,like,NoahM1121,2:22,,
15,,like,casssssssssie,2:23,,
,40,like,ancho-n-cayenne,2:36,,
,40,like,NoahM1121,2:37,,
,40,like,casssssssssie,2:38,,
,42,like,EZpz,2:44,,
16,,read,MannyDL34,2:25,,
16,,read,earthpulse,2:26,,
16,,read,lavenderrrrrr,2:27,,
16,,read,cavsforever,2:28,,
16,,read,caffeinated,2:29,,
16,,like,casssssssssie,2:30,,
16,,like,alex_y,2:31,,
16,,like,_kira_,2:32,,
16,,like,M.Kapadia92,2:33,,
,44,like,jupiterpride,2:49,,
,45,like,Jcole9,2:53,,
,45,like,MedicalRyan,2:54,,
17,,read,lavenderrrrrr,2:34,,
17,,read,cavsforever,2:35,,
17,,read,caffeinated,2:36,,
17,,read,wiz_khaleesi,2:37,,
17,,read,jupiterpride,2:38,,
17,,read,aleeboi,2:39,,
17,,like,M.Kapadia92,2:40,,
17,,like,localewis,2:41,,
17,,like,kj_192,2:42,,
17,,like,tastyrobot,2:43,,
,46,like,caffeinated,2:54,,
,47,like,tyler,2:58,,
,47,like,sweetpea,2:59,,
,48,like,artisanalways,3:02,,
,48,like,kittycatbakes,3:03,,
,48,like,bblueberryy,3:04,,
18,,read,caffeinated,2:43,,
18,,read,wiz_khaleesi,2:44,,
18,,read,jupiterpride,2:45,,
18,,read,aleeboi,2:46,,
18,,like,tastyrobot,2:47,,
18,,like,artisanalways,2:48,,
18,,like,kittycatbakes,2:49,,
18,,like,bblueberryy,2:50,,
,49,like,BJenkins,3:03,,
,49,like,PatelS,3:04,,
,50,like,kj_192,3:07,,
,50,like,tastyrobot,3:08,,
,50,like,artisanalways,3:09,,
19,,read,jupiterpride,2:52,,
19,,read,aleeboi,2:53,,
19,,read,EZpz,2:54,,
19,,read,jen73,2:55,,
19,,read,livelaughlove,2:56,,
19,,like,bblueberryy,2:57,,
19,,like,breathe_in,2:58,,
19,,like,mateoV,2:59,,
19,,like,SnakeCharmer,3:00,,
,52,like,M.Kapadia92,3:12,,
,52,like,localewis,3:13,,
,52,like,kj_192,3:14,,
,54,like,jr_1,3:20,,
20,,read,EZpz,3:01,,
20,,read,jen73,3:02,,
20,,read,livelaughlove,3:03,,
20,,read,tacoguy,3:04,,
20,,read,j_turk,3:05,,
20,,read,jr_1,3:06,,
20,,like,SnakeCharmer,3:07,,
20,,like,r_camiii,3:08,,
20,,like,breethebaker,3:09,,
20,,like,fusionfeast,3:10,,
,56,like,tacoguy,3:25,,
,57,like,alex_y,3:29,,
,57,like,_kira_,3:30,,
21,,read,livelaughlove,3:10,,
21,,read,tacoguy,3:11,,
21,,read,j_turk,3:12,,
21,,read,jr_1,3:13,,
21,,like,fusionfeast,3:14,,
21,,like,MannyDL34,3:15,,
21,,like,earthpulse,3:16,,
21,,like,lavenderrrrrr,3:17,,
,58,like,jen73,3:30,,
,59,like,NoahM1121,3:34,,
,59,like,casssssssssie,3:35,,
,60,like,SnakeCharmer,3:38,,
,60,like,r_camiii,3:39,,
,60,like,breethebaker,3:40,,
22,,read,j_turk,3:19,,
22,,read,jr_1,3:20,,
22,,read,mariaann,3:21,,
22,,read,BJenkins,3:22,,
22,,read,PatelS,3:23,,
22,,like,lavenderrrrrr,3:24,,
22,,like,cavsforever,3:25,,
,61,like,MedicalRyan,3:39,,
,61,like,ancho-n-cayenne,3:40,,
23,,read,mariaann,3:28,,
23,,read,BJenkins,3:29,,
23,,read,PatelS,3:30,,
23,,read,tyler,3:31,,
23,,read,sweetpea,3:32,,
23,,read,Jcole9,3:33,,
23,,like,wiz_khaleesi,3:34,,
23,,like,jupiterpride,3:35,,
23,,like,aleeboi,3:36,,
23,,like,EZpz,3:37,,
,62,like,kittycatbakes,3:48,,
,62,like,bblueberryy,3:49,,
,62,like,breathe_in,3:50,,
,64,like,sweetpea,3:56,,
24,,read,PatelS,3:37,,
24,,read,tyler,3:38,,
24,,read,sweetpea,3:39,,
24,,read,Jcole9,3:40,,
24,,like,EZpz,3:41,,
24,,like,jen73,3:42,,
24,,like,livelaughlove,3:43,,
,66,like,PatelS,4:01,,
25,,read,sweetpea,3:46,,
25,,read,Jcole9,3:47,,
25,,read,MedicalRyan,3:48,,
25,,read,ancho-n-cayenne,3:49,,
25,,read,NoahM1121,3:50,,
25,,like,tacoguy,3:51,,
25,,like,j_turk,3:52,,
25,,like,jr_1,3:53,,
25,,like,mariaann,3:54,,
,67,like,mariaann,4:06,,
,68,like,localewis,4:10,,
,68,like,kj_192,4:11,,
,69,like,earthpulse,4:14,,
,69,like,lavenderrrrrr,4:15,,
,69,like,cavsforever,4:16,,
26,,read,MedicalRyan,3:55,,
26,,read,ancho-n-cayenne,3:56,,
26,,read,NoahM1121,3:57,,
26,,read,casssssssssie,3:58,,
26,,read,alex_y,3:59,,
26,,read,_kira_,4:00,,
26,,like,mariaann,4:01,,
26,,like,BJenkins,4:02,,
26,,like,PatelS,4:03,,
,70,like,_kira_,4:15,,
,70,like,M.Kapadia92,4:16,,
,71,like,fusionfeast,4:19,,
,71,like,MannyDL34,4:20,,
,71,like,earthpulse,4:21,,
27,,read,NoahM1121,4:04,,
27,,read,casssssssssie,4:05,,
27,,read,alex_y,4:06,,
27,,read,_kira_,4:07,,
27,,like,tyler,4:08,,
27,,like,sweetpea,4:09,,
27,,like,Jcole9,4:10,,
27,,like,MedicalRyan,4:11,,
,72,like,r_camiii,4:24,,
,72,like,breethebaker,4:25,,
,72,like,fusionfeast,4:26,,
,74,like,casssssssssie,4:32,,
28,,read,alex_y,4:13,,
28,,read,_kira_,4:14,,
28,,read,M.Kapadia92,4:15,,
28,,read,localewis,4:16,,
28,,read,kj_192,4:17,,
28,,like,MedicalRyan,4:18,,
,76,like,ancho-n-cayenne,4:37,,
,77,like,mateoV,4:41,,
,77,like,SnakeCharmer,4:42,,
,78,like,EZpz,4:45,,
,78,like,jen73,4:46,,
,78,like,livelaughlove,4:47,,
29,,read,M.Kapadia92,4:22,,
29,,read,localewis,4:23,,
29,,read,kj_192,4:24,,
29,,read,tastyrobot,4:25,,
29,,read,artisanalways,4:26,,
29,,read,kittycatbakes,4:27,,
29,,like,casssssssssie,4:28,,
29,,like,alex_y,4:29,,
29,,like,_kira_,4:30,,
,79,like,Jcole9,4:42,,
,80,like,bblueberryy,4:46,,
,80,like,breathe_in,4:47,,
